"","POSITION","EHH_A","EHH_D1","EHH_D2","EHH_D3","NHAPLO_A","NHAPLO_D1","NHAPLO_D2","NHAPLO_D3"
"chr13:2781173:T:A",2781173,0.0549450549450549,0,0.10989010989011,0.0854700854700855,14,0,14,27
"chr13:2781774:T:C",2781774,0.0549450549450549,0,0.142857142857143,0.137634408602151,14,0,15,31
"chr13:2783231:T:C",2783231,0.0571428571428571,0,0.257142857142857,0.161290322580645,15,0,15,31
"chr13:2783334:T:A",2783334,0.0857142857142857,0,0.257142857142857,0.178494623655914,15,0,15,31
"chr13:2783349:T:C",2783349,0.0857142857142857,0,0.311688311688312,0.242016806722689,15,0,22,35
"chr13:2783401:G:A",2783401,0.111111111111111,0,0.319088319088319,0.315151515151515,19,0,27,45
"chr13:2783600:A:T",2783600,0.212121212121212,0,0.363218390804598,0.375324675324675,22,0,30,56
"chr13:2783604:A:T",2783604,0.212121212121212,0,0.363218390804598,0.375324675324675,22,0,30,56
"chr13:2783627:G:T",2783627,0.212121212121212,0,0.367816091954023,0.375974025974026,22,0,30,56
"chr13:2783630:A:T",2783630,0.212121212121212,0,0.367816091954023,0.376623376623377,22,0,30,56
"chr13:2783631:G:T",2783631,0.212121212121212,0,0.367816091954023,0.395454545454545,22,0,30,56
"chr13:2783634:G:T",2783634,0.212121212121212,0,0.367816091954023,0.414935064935065,22,0,30,56
"chr13:2788561:G:A",2788561,0.296296296296296,0,0.487179487179487,0.497115384615385,28,0,39,65
"chr13:2788579:A:C",2788579,0.480295566502463,0,0.487179487179487,0.497115384615385,29,0,39,65
"chr13:2788745:T:C",2788745,0.807881773399015,0,1,0.94032634032634,29,0,39,66
"chr13:2788748:C:T",2788748,0.807881773399015,0,1,0.94032634032634,29,0,39,66
"chr13:2788751:T:C",2788751,0.807881773399015,0,1,0.94032634032634,29,0,39,66
"hrp3_deletion",2808762,1,0,1,1,37,1,50,74
