"","POSITION","EHH_A","EHH_D","NHAPLO_A","NHAPLO_D"
"chr13:2781173:T:A",2781173,0.0549450549450549,0.0974358974358974,14,40
"chr13:2781774:T:C",2781774,0.0549450549450549,0.146464646464646,14,45
"chr13:2783231:T:C",2783231,0.0571428571428571,0.207070707070707,15,45
"chr13:2783334:T:A",2783334,0.0857142857142857,0.223232323232323,15,45
"chr13:2783349:T:C",2783349,0.0857142857142857,0.268170426065163,15,57
"chr13:2783401:G:A",2783401,0.111111111111111,0.315336463223787,19,72
"chr13:2783600:A:T",2783600,0.212121212121212,0.370177838577291,22,86
"chr13:2783604:A:T",2783604,0.212121212121212,0.370177838577291,22,86
"chr13:2783627:G:T",2783627,0.212121212121212,0.372093023255814,22,86
"chr13:2783630:A:T",2783630,0.212121212121212,0.372640218878249,22,86
"chr13:2783631:G:T",2783631,0.212121212121212,0.383857729138167,22,86
"chr13:2783634:G:T",2783634,0.212121212121212,0.395348837209302,22,86
"chr13:2788561:G:A",2788561,0.296296296296296,0.491411501120239,28,104
"chr13:2788579:A:C",2788579,0.480295566502463,0.491411501120239,29,104
"chr13:2788745:T:C",2788745,0.807881773399015,0.962271062271062,29,105
"chr13:2788748:C:T",2788748,0.807881773399015,0.962271062271062,29,105
"chr13:2788751:T:C",2788751,0.807881773399015,0.962271062271062,29,105
"hrp3_deletion",2808762,1,1,37,125
